{
	"credit": "Made with Blockbench",
	"textures": {
		"2": "item/crossbow_standby",
		"particle": "item/crossbow_standby"
	},
	"elements": [
		{
			"from": [8, 4, 3.5],
			"to": [9, 6.5, 12],
			"rotation": {"angle": 0, "axis": "y", "origin": [8.5, 0, 6]},
			"faces": {
				"north": {"uv": [8, 6, 9, 9], "texture": "#2"},
				"east": {"uv": [0, 0, 9, 3], "texture": "#2"},
				"south": {"uv": [9, 0, 10, 3], "texture": "#2"},
				"west": {"uv": [0, 3, 9, 6], "texture": "#2"},
				"up": {"uv": [1, 15, 0, 6], "texture": "#2"},
				"down": {"uv": [2, 6, 1, 15], "texture": "#2"}
			}
		},
		{
			"from": [8, 0, 10],
			"to": [9, 2, 12],
			"rotation": {"angle": 0, "axis": "y", "origin": [8.5, 0, 6]},
			"faces": {
				"north": {"uv": [9, 3, 10, 5], "texture": "#2"},
				"east": {"uv": [2, 6, 4, 8], "texture": "#2"},
				"south": {"uv": [9, 5, 10, 7], "texture": "#2"},
				"west": {"uv": [4, 6, 6, 8], "texture": "#2"},
				"up": {"uv": [10, 9, 9, 7], "texture": "#2"},
				"down": {"uv": [9, 9, 8, 11], "texture": "#2"}
			}
		},
		{
			"from": [8, 1, 9.5],
			"to": [9, 3, 11.5],
			"rotation": {"angle": 0, "axis": "y", "origin": [8.5, 0, 6]},
			"faces": {
				"north": {"uv": [9, 9, 10, 11], "texture": "#2"},
				"east": {"uv": [6, 6, 8, 8], "texture": "#2"},
				"south": {"uv": [10, 0, 11, 2], "texture": "#2"},
				"west": {"uv": [2, 8, 4, 10], "texture": "#2"},
				"up": {"uv": [3, 12, 2, 10], "texture": "#2"},
				"down": {"uv": [11, 2, 10, 4], "texture": "#2"}
			}
		},
		{
			"from": [8, 2, 9],
			"to": [9, 4, 11],
			"rotation": {"angle": 0, "axis": "y", "origin": [8.5, 0, 6]},
			"faces": {
				"north": {"uv": [3, 10, 4, 12], "texture": "#2"},
				"east": {"uv": [4, 8, 6, 10], "texture": "#2"},
				"south": {"uv": [4, 10, 5, 12], "texture": "#2"},
				"west": {"uv": [6, 8, 8, 10], "texture": "#2"},
				"up": {"uv": [11, 6, 10, 4], "texture": "#2"},
				"down": {"uv": [6, 10, 5, 12], "texture": "#2"}
			}
		},
		{
			"from": [8.25, 2.75, 7.75],
			"to": [8.75, 4, 8],
			"rotation": {"angle": 0, "axis": "y", "origin": [8.5, 0, 6]},
			"faces": {
				"north": {"uv": [6, 10, 7, 11], "texture": "#2"},
				"east": {"uv": [10, 6, 11, 7], "texture": "#2"},
				"south": {"uv": [7, 10, 8, 11], "texture": "#2"},
				"west": {"uv": [10, 7, 11, 8], "texture": "#2"},
				"up": {"uv": [11, 9, 10, 8], "texture": "#2"},
				"down": {"uv": [11, 9, 10, 10], "texture": "#2"}
			}
		},
		{
			"from": [8.25, 2.75, 7.75],
			"to": [8.75, 3, 9],
			"rotation": {"angle": 0, "axis": "y", "origin": [8.5, 0, 6]},
			"faces": {
				"north": {"uv": [10, 10, 11, 11], "texture": "#2"},
				"east": {"uv": [11, 0, 12, 1], "texture": "#2"},
				"south": {"uv": [11, 1, 12, 2], "texture": "#2"},
				"west": {"uv": [11, 2, 12, 3], "texture": "#2"},
				"up": {"uv": [12, 4, 11, 3], "texture": "#2"},
				"down": {"uv": [12, 4, 11, 5], "texture": "#2"}
			}
		},
		{
			"from": [8.25, 3.22083, 8.56233],
			"to": [8.75, 4.22083, 8.81233],
			"rotation": {"angle": 22.5, "axis": "x", "origin": [8.5, 4, 8.5]},
			"faces": {
				"north": {"uv": [11, 5, 12, 6], "texture": "#2"},
				"east": {"uv": [6, 11, 7, 12], "texture": "#2"},
				"south": {"uv": [11, 6, 12, 7], "texture": "#2"},
				"west": {"uv": [7, 11, 8, 12], "texture": "#2"},
				"up": {"uv": [12, 8, 11, 7], "texture": "#2"},
				"down": {"uv": [9, 11, 8, 12], "texture": "#2"}
			}
		}
	],
	"display": {
		"thirdperson_righthand": {
			"translation": [0, 4.5, 0]
		},
		"thirdperson_lefthand": {
			"translation": [0, 4.5, 0]
		},
		"firstperson_righthand": {
			"rotation": [0, -9, 0],
			"translation": [1, 6.25, 0]
		},
		"firstperson_lefthand": {
			"rotation": [0, -9, 0],
			"translation": [2, 6.25, 0]
		},
		"ground": {
			"translation": [0, 4.75, 0]
		},
		"gui": {
			"rotation": [0, 90, 0],
			"translation": [0, 7, 0],
			"scale": [1, 1.51, 1.51]
		},
		"fixed": {
			"rotation": [0, -90, 0],
			"translation": [0, 8, -1],
			"scale": [1, 1.76, 1.76]
		}
	},
	"groups": [
		{
			"name": "barrel",
			"origin": [8, 8, 8],
			"color": 0,
			"children": [0]
		},
		{
			"name": "handle",
			"origin": [8, 8, 8],
			"color": 0,
			"children": [1, 2, 3]
		},
		{
			"name": "trigger",
			"origin": [8, 8, 8],
			"color": 0,
			"children": [4, 5, 6]
		}
	]
}